recipe,label,horizon,tournament_score,current_regime,recent_trades,recent_win_rate,recent_win_rate_lcb,recent_profit_factor,recent_avg_return,recent_cohort_days,recent_cohort_profit_factor,recent_cohort_avg_return,recent_cohort_max_drawdown,regime_trades,regime_win_rate,regime_profit_factor,regime_cohort_profit_factor,branch_coverage,all_trades,all_win_rate,all_profit_factor,all_cohort_profit_factor,status,risk_gate_reason
A03_institutional_momentum,法人動能,20,0.510253397172164,BEAR,629,0.4705882352941176,0.4380457442113132,1.7722874879837036,0.0387421734631061,129,2.338024377822876,0.0373181253671646,-0.8821331858634949,242,0.5041322314049587,1.9159889221191408,2.5959343910217285,0.2452205882352941,8159,0.4480941291824978,1.0191699266433716,1.0172621011734009,PAUSE,同日組合回撤過大
A04_lowvol_strength,低波強勢,20,0.4394748769298152,BEAR,627,0.4354066985645933,0.4031809164480732,1.412289261817932,0.0189849492162466,129,1.7286856174468994,0.0179138220846653,-0.7954754829406738,242,0.4752066115702479,1.495577096939087,1.844619870185852,0.2582545722351786,8145,0.441866175567833,0.9347057342529296,0.8841867446899414,PAUSE,同日組合回撤過大
A06_branch_concentration,分點集中代理,10,0.3821116501309048,BEAR,635,0.4582677165354331,0.4259873746391756,1.1250278949737549,0.0047385883517563,129,1.1733973026275637,0.0039964942261576,-0.8019624352455139,259,0.4942084942084942,1.330616116523743,1.521164059638977,0.2003097573567372,7747,0.4254550148444559,0.8726884126663208,0.7880873084068298,PAUSE,同日組合回撤過大
A07_pullback_continuation,強勢回檔續攻,10,0.3637847176794355,BEAR,636,0.4371069182389937,0.4050856887701919,1.0532444715499878,0.0021075101103633,129,1.0735626220703125,0.0016952808946371,-0.8381036520004272,262,0.5,1.40288245677948,1.7825331687927246,0.2702768929184023,8160,0.4284313725490196,0.8751395344734192,0.7991321086883545,PAUSE,同日組合回撤過大
A08_balanced_adaptive,均衡自適應,10,0.354694890914978,BEAR,636,0.440251572327044,0.408191833707361,1.0207794904708862,0.0008461722754873,129,1.019232153892517,0.000494360923767,-0.8595647215843201,262,0.5038167938931297,1.398640751838684,1.6944833993911743,0.2451040019462352,8219,0.4254775520136269,0.8600848317146301,0.7830324769020081,PAUSE,同日組合回撤過大
A09_institutional_accumulation,法人累積代理,10,0.3534915932138424,BEAR,640,0.4453125,0.4132929249854853,1.027486801147461,0.0011069396277889,129,1.0288758277893066,0.0007380358292721,-0.8581007122993469,262,0.4885496183206106,1.3267091512680054,1.528893232345581,0.2382109868740884,8226,0.4254801847799659,0.8791532516479492,0.8095614910125732,PAUSE,同日組合回撤過大
A02_smart_accumulation,主力累積代理,10,0.3492405563929134,BEAR,640,0.4390625,0.4071162484241354,1.009379267692566,0.00038069562288,129,1.001151442527771,3.0354936825460754e-05,-0.8581010699272156,262,0.4923664122137404,1.3745036125183103,1.5862411260604858,0.2384540593096742,8226,0.424872355944566,0.8714188933372498,0.7981387972831726,PAUSE,同日組合回撤過大
A01_momentum_breakout,動能突破,10,0.3329428282596886,BEAR,636,0.4261006289308176,0.3942245414296643,1.02166748046875,0.0010200754040852,129,1.0176066160202026,0.0005119817215017,-0.9018245339393616,262,0.4847328244274809,1.208629131317139,1.357767939567566,0.2515203113597665,8219,0.4178123859350286,0.8604332804679871,0.7769218683242798,PAUSE,同日組合回撤過大
A05_fast_rotation,短線輪動,5,0.2896420086567732,BEAR,634,0.3990536277602524,0.367554844073496,0.8492902517318726,-0.0055591538548469,129,0.7658947706222534,-0.0058190240524709,-0.779747486114502,284,0.4507042253521127,1.0548800230026243,1.0720281600952148,0.1976355692624004,7780,0.398586118251928,0.7517908215522766,0.6338289976119995,PAUSE,近期PF不足；近期EV非正；同日組合PF不足；同日組合回撤過大
