date,regime,base_exposure
2019-01-02,NEUTRAL,0.65
2019-01-03,NEUTRAL,0.65
2019-01-04,NEUTRAL,0.65
2019-01-07,NEUTRAL,0.65
2019-01-08,NEUTRAL,0.65
2019-01-09,NEUTRAL,0.65
2019-01-10,NEUTRAL,0.65
2019-01-11,NEUTRAL,0.65
2019-01-14,NEUTRAL,0.65
2019-01-15,NEUTRAL,0.65
2019-01-16,NEUTRAL,0.65
2019-01-17,NEUTRAL,0.65
2019-01-18,NEUTRAL,0.65
2019-01-21,NEUTRAL,0.65
2019-01-22,NEUTRAL,0.65
2019-01-23,NEUTRAL,0.65
2019-01-24,NEUTRAL,0.65
2019-01-25,NEUTRAL,0.65
2019-01-28,NEUTRAL,0.65
2019-01-29,NEUTRAL,0.65
2019-01-30,NEUTRAL,0.65
2019-01-31,NEUTRAL,0.65
2019-02-01,NEUTRAL,0.65
2019-02-04,NEUTRAL,0.65
2019-02-05,NEUTRAL,0.65
2019-02-06,NEUTRAL,0.65
2019-02-07,NEUTRAL,0.65
2019-02-08,NEUTRAL,0.65
2019-02-11,NEUTRAL,0.65
2019-02-12,NEUTRAL,0.65
2019-02-13,NEUTRAL,0.65
2019-02-14,NEUTRAL,0.65
2019-02-15,NEUTRAL,0.65
2019-02-18,NEUTRAL,0.65
2019-02-19,NEUTRAL,0.65
2019-02-20,NEUTRAL,0.65
2019-02-21,NEUTRAL,0.65
2019-02-22,NEUTRAL,0.65
2019-02-25,NEUTRAL,0.65
2019-02-26,NEUTRAL,0.65
2019-02-27,NEUTRAL,0.65
2019-02-28,NEUTRAL,0.65
2019-03-01,NEUTRAL,0.65
2019-03-04,NEUTRAL,0.65
2019-03-05,NEUTRAL,0.65
2019-03-06,NEUTRAL,0.65
2019-03-07,NEUTRAL,0.65
2019-03-08,NEUTRAL,0.65
2019-03-11,NEUTRAL,0.65
2019-03-12,NEUTRAL,0.65
2019-03-13,NEUTRAL,0.65
2019-03-14,NEUTRAL,0.65
2019-03-15,NEUTRAL,0.65
2019-03-18,NEUTRAL,0.65
2019-03-19,NEUTRAL,0.65
2019-03-20,NEUTRAL,0.65
2019-03-21,NEUTRAL,0.65
2019-03-22,NEUTRAL,0.65
2019-03-25,NEUTRAL,0.65
2019-03-26,NEUTRAL,0.65
2019-03-27,NEUTRAL,0.65
2019-03-28,NEUTRAL,0.65
2019-03-29,NEUTRAL,0.65
2019-04-01,NEUTRAL,0.65
2019-04-02,NEUTRAL,0.65
2019-04-03,NEUTRAL,0.65
2019-04-04,NEUTRAL,0.65
2019-04-05,NEUTRAL,0.65
2019-04-08,NEUTRAL,0.65
2019-04-09,NEUTRAL,0.65
2019-04-10,NEUTRAL,0.65
2019-04-11,BEAR,0.2
2019-04-12,BEAR,0.2
2019-04-15,BEAR,0.2
2019-04-16,BEAR,0.2
2019-04-17,BEAR,0.2
2019-04-18,BEAR,0.2
2019-04-19,BEAR,0.2
2019-04-22,BEAR,0.2
2019-04-23,NEUTRAL,0.65
2019-04-24,NEUTRAL,0.65
2019-04-25,NEUTRAL,0.65
2019-04-26,BEAR,0.2
2019-04-29,BEAR,0.2
2019-04-30,BEAR,0.2
2019-05-01,BEAR,0.2
2019-05-02,BEAR,0.2
2019-05-03,BEAR,0.2
2019-05-06,BEAR,0.2
2019-05-07,BEAR,0.2
2019-05-08,BEAR,0.2
2019-05-09,BEAR,0.2
2019-05-10,BEAR,0.2
2019-05-13,BEAR,0.2
2019-05-14,BEAR,0.2
2019-05-15,BEAR,0.2
2019-05-16,BEAR,0.2
2019-05-17,BEAR,0.2
2019-05-20,BEAR,0.2
2019-05-21,BEAR,0.2
2019-05-22,BEAR,0.2
2019-05-23,BEAR,0.2
2019-05-24,BEAR,0.2
2019-05-27,BEAR,0.2
2019-05-28,BEAR,0.2
2019-05-29,BEAR,0.2
2019-05-30,BEAR,0.2
2019-05-31,BEAR,0.2
2019-06-03,BEAR,0.2
2019-06-04,VOLATILE,0.35
2019-06-05,VOLATILE,0.35
2019-06-06,VOLATILE,0.35
2019-06-07,VOLATILE,0.35
2019-06-10,VOLATILE,0.35
2019-06-11,BEAR,0.2
2019-06-12,BEAR,0.2
2019-06-13,BEAR,0.2
2019-06-14,BEAR,0.2
2019-06-17,VOLATILE,0.35
2019-06-18,VOLATILE,0.35
2019-06-19,VOLATILE,0.35
2019-06-20,BEAR,0.2
2019-06-21,BEAR,0.2
2019-06-24,VOLATILE,0.35
2019-06-25,VOLATILE,0.35
2019-06-26,VOLATILE,0.35
2019-06-27,VOLATILE,0.35
2019-06-28,VOLATILE,0.35
2019-07-01,VOLATILE,0.35
2019-07-02,VOLATILE,0.35
2019-07-03,VOLATILE,0.35
2019-07-04,VOLATILE,0.35
2019-07-05,VOLATILE,0.35
2019-07-08,VOLATILE,0.35
2019-07-09,VOLATILE,0.35
2019-07-10,VOLATILE,0.35
2019-07-11,VOLATILE,0.35
2019-07-12,VOLATILE,0.35
2019-07-15,VOLATILE,0.35
2019-07-16,VOLATILE,0.35
2019-07-17,VOLATILE,0.35
2019-07-18,VOLATILE,0.35
2019-07-19,VOLATILE,0.35
2019-07-22,VOLATILE,0.35
2019-07-23,VOLATILE,0.35
2019-07-24,VOLATILE,0.35
2019-07-25,VOLATILE,0.35
2019-07-26,VOLATILE,0.35
2019-07-29,VOLATILE,0.35
2019-07-30,VOLATILE,0.35
2019-07-31,VOLATILE,0.35
2019-08-01,VOLATILE,0.35
2019-08-02,VOLATILE,0.35
2019-08-05,VOLATILE,0.35
2019-08-06,VOLATILE,0.35
2019-08-07,VOLATILE,0.35
2019-08-08,VOLATILE,0.35
2019-08-09,VOLATILE,0.35
2019-08-12,VOLATILE,0.35
2019-08-13,NEUTRAL,0.65
2019-08-14,VOLATILE,0.35
2019-08-15,VOLATILE,0.35
2019-08-16,VOLATILE,0.35
2019-08-19,VOLATILE,0.35
2019-08-20,VOLATILE,0.35
2019-08-21,VOLATILE,0.35
2019-08-22,VOLATILE,0.35
2019-08-23,VOLATILE,0.35
2019-08-26,VOLATILE,0.35
2019-08-27,VOLATILE,0.35
2019-08-28,VOLATILE,0.35
2019-08-29,VOLATILE,0.35
2019-08-30,NEUTRAL,0.65
2019-09-02,VOLATILE,0.35
2019-09-03,VOLATILE,0.35
2019-09-04,NEUTRAL,0.65
2019-09-05,VOLATILE,0.35
2019-09-06,NEUTRAL,0.65
2019-09-09,NEUTRAL,0.65
2019-09-10,NEUTRAL,0.65
2019-09-11,NEUTRAL,0.65
2019-09-12,NEUTRAL,0.65
2019-09-13,NEUTRAL,0.65
2019-09-16,NEUTRAL,0.65
2019-09-17,NEUTRAL,0.65
2019-09-18,NEUTRAL,0.65
2019-09-19,NEUTRAL,0.65
2019-09-20,NEUTRAL,0.65
2019-09-23,NEUTRAL,0.65
2019-09-24,NEUTRAL,0.65
2019-09-25,NEUTRAL,0.65
2019-09-26,NEUTRAL,0.65
2019-09-27,VOLATILE,0.35
2019-09-30,NEUTRAL,0.65
2019-10-01,VOLATILE,0.35
2019-10-02,VOLATILE,0.35
2019-10-03,VOLATILE,0.35
2019-10-04,VOLATILE,0.35
2019-10-07,VOLATILE,0.35
2019-10-08,VOLATILE,0.35
2019-10-09,NEUTRAL,0.65
2019-10-10,VOLATILE,0.35
2019-10-11,VOLATILE,0.35
2019-10-14,VOLATILE,0.35
2019-10-15,VOLATILE,0.35
2019-10-16,VOLATILE,0.35
2019-10-17,VOLATILE,0.35
2019-10-18,VOLATILE,0.35
2019-10-21,VOLATILE,0.35
2019-10-22,VOLATILE,0.35
2019-10-23,BULL,1.0
2019-10-24,VOLATILE,0.35
2019-10-25,VOLATILE,0.35
2019-10-28,NEUTRAL,0.65
2019-10-29,NEUTRAL,0.65
2019-10-30,NEUTRAL,0.65
2019-10-31,NEUTRAL,0.65
2019-11-01,NEUTRAL,0.65
2019-11-04,NEUTRAL,0.65
2019-11-05,NEUTRAL,0.65
2019-11-06,NEUTRAL,0.65
2019-11-07,NEUTRAL,0.65
2019-11-08,NEUTRAL,0.65
2019-11-11,NEUTRAL,0.65
2019-11-12,NEUTRAL,0.65
2019-11-13,NEUTRAL,0.65
2019-11-14,NEUTRAL,0.65
2019-11-15,NEUTRAL,0.65
2019-11-18,VOLATILE,0.35
2019-11-19,BULL,1.0
2019-11-20,VOLATILE,0.35
2019-11-21,VOLATILE,0.35
2019-11-22,VOLATILE,0.35
2019-11-25,VOLATILE,0.35
2019-11-26,VOLATILE,0.35
2019-11-27,VOLATILE,0.35
2019-11-28,VOLATILE,0.35
2019-11-29,VOLATILE,0.35
2019-12-02,VOLATILE,0.35
2019-12-03,VOLATILE,0.35
2019-12-04,VOLATILE,0.35
2019-12-05,VOLATILE,0.35
2019-12-06,VOLATILE,0.35
2019-12-09,VOLATILE,0.35
2019-12-10,VOLATILE,0.35
2019-12-11,VOLATILE,0.35
2019-12-12,VOLATILE,0.35
2019-12-13,VOLATILE,0.35
2019-12-16,VOLATILE,0.35
2019-12-17,VOLATILE,0.35
2019-12-18,VOLATILE,0.35
2019-12-19,VOLATILE,0.35
2019-12-20,VOLATILE,0.35
2019-12-23,VOLATILE,0.35
2019-12-24,VOLATILE,0.35
2019-12-25,VOLATILE,0.35
2019-12-26,VOLATILE,0.35
2019-12-27,VOLATILE,0.35
2019-12-30,VOLATILE,0.35
2019-12-31,VOLATILE,0.35
2020-01-01,VOLATILE,0.35
2020-01-02,VOLATILE,0.35
2020-01-03,VOLATILE,0.35
2020-01-06,VOLATILE,0.35
2020-01-07,VOLATILE,0.35
2020-01-08,VOLATILE,0.35
2020-01-09,NEUTRAL,0.65
2020-01-10,NEUTRAL,0.65
2020-01-13,NEUTRAL,0.65
2020-01-14,NEUTRAL,0.65
2020-01-15,NEUTRAL,0.65
2020-01-16,NEUTRAL,0.65
2020-01-17,NEUTRAL,0.65
2020-01-20,NEUTRAL,0.65
2020-01-21,NEUTRAL,0.65
2020-01-22,NEUTRAL,0.65
2020-01-23,NEUTRAL,0.65
2020-01-24,NEUTRAL,0.65
2020-01-27,NEUTRAL,0.65
2020-01-28,NEUTRAL,0.65
2020-01-29,NEUTRAL,0.65
2020-01-30,NEUTRAL,0.65
2020-01-31,NEUTRAL,0.65
2020-02-03,NEUTRAL,0.65
2020-02-04,NEUTRAL,0.65
2020-02-05,NEUTRAL,0.65
2020-02-06,NEUTRAL,0.65
2020-02-07,NEUTRAL,0.65
2020-02-10,NEUTRAL,0.65
2020-02-11,NEUTRAL,0.65
2020-02-12,NEUTRAL,0.65
2020-02-13,NEUTRAL,0.65
2020-02-14,NEUTRAL,0.65
2020-02-17,NEUTRAL,0.65
2020-02-18,NEUTRAL,0.65
2020-02-19,BEAR,0.2
2020-02-20,BEAR,0.2
2020-02-21,BEAR,0.2
2020-02-24,BEAR,0.2
2020-02-25,BEAR,0.2
2020-02-26,BEAR,0.2
2020-02-27,BEAR,0.2
2020-02-28,BEAR,0.2
2020-03-02,BEAR,0.2
2020-03-03,BEAR,0.2
2020-03-04,BEAR,0.2
2020-03-05,BEAR,0.2
2020-03-06,BEAR,0.2
2020-03-09,NEUTRAL,0.65
2020-03-10,VOLATILE,0.35
2020-03-11,VOLATILE,0.35
2020-03-12,VOLATILE,0.35
2020-03-13,VOLATILE,0.35
2020-03-16,NEUTRAL,0.65
2020-03-17,NEUTRAL,0.65
2020-03-18,NEUTRAL,0.65
2020-03-19,NEUTRAL,0.65
2020-03-20,NEUTRAL,0.65
2020-03-23,NEUTRAL,0.65
2020-03-24,NEUTRAL,0.65
2020-03-25,NEUTRAL,0.65
2020-03-26,NEUTRAL,0.65
2020-03-27,NEUTRAL,0.65
2020-03-30,NEUTRAL,0.65
2020-03-31,BULL,1.0
2020-04-01,BULL,1.0
2020-04-02,BULL,1.0
2020-04-03,BULL,1.0
2020-04-06,BULL,1.0
2020-04-07,BULL,1.0
2020-04-08,BULL,1.0
2020-04-09,BULL,1.0
2020-04-10,BULL,1.0
2020-04-13,BULL,1.0
2020-04-14,BULL,1.0
2020-04-15,BULL,1.0
2020-04-16,BULL,1.0
2020-04-17,BULL,1.0
2020-04-20,BULL,1.0
2020-04-21,BULL,1.0
2020-04-22,BULL,1.0
2020-04-23,BULL,1.0
2020-04-24,BULL,1.0
2020-04-27,NEUTRAL,0.65
2020-04-28,NEUTRAL,0.65
2020-04-29,NEUTRAL,0.65
2020-04-30,NEUTRAL,0.65
2020-05-01,NEUTRAL,0.65
2020-05-04,BEAR,0.2
2020-05-05,NEUTRAL,0.65
2020-05-06,NEUTRAL,0.65
2020-05-07,NEUTRAL,0.65
2020-05-08,NEUTRAL,0.65
2020-05-11,NEUTRAL,0.65
2020-05-12,NEUTRAL,0.65
2020-05-13,NEUTRAL,0.65
2020-05-14,NEUTRAL,0.65
2020-05-15,NEUTRAL,0.65
2020-05-18,BULL,1.0
2020-05-19,NEUTRAL,0.65
2020-05-20,NEUTRAL,0.65
2020-05-21,NEUTRAL,0.65
2020-05-22,NEUTRAL,0.65
2020-05-25,NEUTRAL,0.65
2020-05-26,BEAR,0.2
2020-05-27,NEUTRAL,0.65
2020-05-28,BEAR,0.2
2020-05-29,BEAR,0.2
2020-06-01,NEUTRAL,0.65
2020-06-02,NEUTRAL,0.65
2020-06-03,NEUTRAL,0.65
2020-06-04,BULL,1.0
2020-06-05,BULL,1.0
2020-06-08,BULL,1.0
2020-06-09,BULL,1.0
2020-06-10,BULL,1.0
2020-06-11,BULL,1.0
2020-06-12,BULL,1.0
2020-06-15,BULL,1.0
2020-06-16,BULL,1.0
2020-06-17,BULL,1.0
2020-06-18,BULL,1.0
2020-06-19,BULL,1.0
2020-06-22,BULL,1.0
2020-06-23,VOLATILE,0.35
2020-06-24,VOLATILE,0.35
2020-06-25,NEUTRAL,0.65
2020-06-26,BULL,1.0
2020-06-29,BULL,1.0
2020-06-30,VOLATILE,0.35
2020-07-01,VOLATILE,0.35
2020-07-02,VOLATILE,0.35
2020-07-03,VOLATILE,0.35
2020-07-06,VOLATILE,0.35
2020-07-07,VOLATILE,0.35
2020-07-08,BEAR,0.2
2020-07-09,NEUTRAL,0.65
2020-07-10,NEUTRAL,0.65
2020-07-13,NEUTRAL,0.65
2020-07-14,NEUTRAL,0.65
2020-07-15,NEUTRAL,0.65
2020-07-16,NEUTRAL,0.65
2020-07-17,NEUTRAL,0.65
2020-07-20,NEUTRAL,0.65
2020-07-21,NEUTRAL,0.65
2020-07-22,NEUTRAL,0.65
2020-07-23,BULL,1.0
2020-07-24,BULL,1.0
2020-07-27,NEUTRAL,0.65
2020-07-28,BEAR,0.2
2020-07-29,BEAR,0.2
2020-07-30,BEAR,0.2
2020-07-31,BEAR,0.2
2020-08-03,BEAR,0.2
2020-08-04,BEAR,0.2
2020-08-05,BEAR,0.2
2020-08-06,BEAR,0.2
2020-08-07,BEAR,0.2
2020-08-10,BEAR,0.2
2020-08-11,BEAR,0.2
2020-08-12,BEAR,0.2
2020-08-13,BEAR,0.2
2020-08-14,BEAR,0.2
2020-08-17,BEAR,0.2
2020-08-18,BEAR,0.2
2020-08-19,BEAR,0.2
2020-08-20,BEAR,0.2
2020-08-21,VOLATILE,0.35
2020-08-24,BEAR,0.2
2020-08-25,BEAR,0.2
2020-08-26,BEAR,0.2
2020-08-27,BEAR,0.2
2020-08-28,BEAR,0.2
2020-08-31,NEUTRAL,0.65
2020-09-01,NEUTRAL,0.65
2020-09-02,NEUTRAL,0.65
2020-09-03,NEUTRAL,0.65
2020-09-04,BEAR,0.2
2020-09-07,BEAR,0.2
2020-09-08,BEAR,0.2
2020-09-09,BEAR,0.2
2020-09-10,BEAR,0.2
2020-09-11,BEAR,0.2
2020-09-14,BEAR,0.2
2020-09-15,BEAR,0.2
2020-09-16,BEAR,0.2
2020-09-17,BEAR,0.2
2020-09-18,BEAR,0.2
2020-09-21,BEAR,0.2
2020-09-22,BEAR,0.2
2020-09-23,BEAR,0.2
2020-09-24,BEAR,0.2
2020-09-25,VOLATILE,0.35
2020-09-28,NEUTRAL,0.65
2020-09-29,NEUTRAL,0.65
2020-09-30,NEUTRAL,0.65
2020-10-01,NEUTRAL,0.65
2020-10-02,NEUTRAL,0.65
2020-10-05,NEUTRAL,0.65
2020-10-06,NEUTRAL,0.65
2020-10-07,NEUTRAL,0.65
2020-10-08,NEUTRAL,0.65
2020-10-09,NEUTRAL,0.65
2020-10-12,VOLATILE,0.35
2020-10-13,VOLATILE,0.35
2020-10-14,VOLATILE,0.35
2020-10-15,VOLATILE,0.35
2020-10-16,VOLATILE,0.35
2020-10-19,VOLATILE,0.35
2020-10-20,VOLATILE,0.35
2020-10-21,VOLATILE,0.35
2020-10-22,VOLATILE,0.35
2020-10-23,BEAR,0.2
2020-10-26,BEAR,0.2
2020-10-27,BEAR,0.2
2020-10-28,BEAR,0.2
2020-10-29,NEUTRAL,0.65
2020-10-30,BEAR,0.2
2020-11-02,BEAR,0.2
2020-11-03,VOLATILE,0.35
2020-11-04,VOLATILE,0.35
2020-11-05,VOLATILE,0.35
2020-11-06,VOLATILE,0.35
2020-11-09,NEUTRAL,0.65
2020-11-10,NEUTRAL,0.65
2020-11-11,NEUTRAL,0.65
2020-11-12,NEUTRAL,0.65
2020-11-13,NEUTRAL,0.65
2020-11-16,NEUTRAL,0.65
2020-11-17,NEUTRAL,0.65
2020-11-18,NEUTRAL,0.65
2020-11-19,NEUTRAL,0.65
2020-11-20,NEUTRAL,0.65
2020-11-23,NEUTRAL,0.65
2020-11-24,NEUTRAL,0.65
2020-11-25,NEUTRAL,0.65
2020-11-26,NEUTRAL,0.65
2020-11-27,NEUTRAL,0.65
2020-11-30,VOLATILE,0.35
2020-12-01,NEUTRAL,0.65
2020-12-02,NEUTRAL,0.65
2020-12-03,BULL,1.0
2020-12-04,BULL,1.0
2020-12-07,NEUTRAL,0.65
2020-12-08,VOLATILE,0.35
2020-12-09,VOLATILE,0.35
2020-12-10,VOLATILE,0.35
2020-12-11,VOLATILE,0.35
2020-12-14,VOLATILE,0.35
2020-12-15,VOLATILE,0.35
2020-12-16,VOLATILE,0.35
2020-12-17,VOLATILE,0.35
2020-12-18,VOLATILE,0.35
2020-12-21,VOLATILE,0.35
2020-12-22,VOLATILE,0.35
2020-12-23,VOLATILE,0.35
2020-12-24,VOLATILE,0.35
2020-12-25,VOLATILE,0.35
2020-12-28,VOLATILE,0.35
2020-12-29,VOLATILE,0.35
2020-12-30,NEUTRAL,0.65
2020-12-31,NEUTRAL,0.65
2021-01-01,VOLATILE,0.35
2021-01-04,BULL,1.0
2021-01-05,BULL,1.0
2021-01-06,BULL,1.0
2021-01-07,BULL,1.0
2021-01-08,BULL,1.0
2021-01-11,BULL,1.0
2021-01-12,BULL,1.0
2021-01-13,BULL,1.0
2021-01-14,BULL,1.0
2021-01-15,BULL,1.0
2021-01-18,BULL,1.0
2021-01-19,BULL,1.0
2021-01-20,BULL,1.0
2021-01-21,BULL,1.0
2021-01-22,BULL,1.0
2021-01-25,VOLATILE,0.35
2021-01-26,BULL,1.0
2021-01-27,VOLATILE,0.35
2021-01-28,VOLATILE,0.35
2021-01-29,VOLATILE,0.35
2021-02-01,VOLATILE,0.35
2021-02-02,BEAR,0.2
2021-02-03,BEAR,0.2
2021-02-04,BEAR,0.2
2021-02-05,BEAR,0.2
2021-02-08,BEAR,0.2
2021-02-09,BEAR,0.2
2021-02-10,BEAR,0.2
2021-02-11,BEAR,0.2
2021-02-12,BEAR,0.2
2021-02-15,VOLATILE,0.35
2021-02-16,VOLATILE,0.35
2021-02-17,NEUTRAL,0.65
2021-02-18,VOLATILE,0.35
2021-02-19,NEUTRAL,0.65
2021-02-22,BEAR,0.2
2021-02-23,BEAR,0.2
2021-02-24,BEAR,0.2
2021-02-25,BEAR,0.2
2021-02-26,NEUTRAL,0.65
2021-03-01,NEUTRAL,0.65
2021-03-02,BULL,1.0
2021-03-03,BULL,1.0
2021-03-04,BULL,1.0
2021-03-05,BULL,1.0
2021-03-08,BULL,1.0
2021-03-09,BULL,1.0
2021-03-10,NEUTRAL,0.65
2021-03-11,NEUTRAL,0.65
2021-03-12,NEUTRAL,0.65
2021-03-15,NEUTRAL,0.65
2021-03-16,BEAR,0.2
2021-03-17,BEAR,0.2
2021-03-18,BEAR,0.2
2021-03-19,NEUTRAL,0.65
2021-03-22,NEUTRAL,0.65
2021-03-23,NEUTRAL,0.65
2021-03-24,NEUTRAL,0.65
2021-03-25,NEUTRAL,0.65
2021-03-26,BEAR,0.2
2021-03-29,BEAR,0.2
2021-03-30,BEAR,0.2
2021-03-31,BEAR,0.2
2021-04-01,BEAR,0.2
2021-04-02,BEAR,0.2
2021-04-05,BEAR,0.2
2021-04-06,VOLATILE,0.35
2021-04-07,BEAR,0.2
2021-04-08,VOLATILE,0.35
2021-04-09,VOLATILE,0.35
2021-04-12,VOLATILE,0.35
2021-04-13,VOLATILE,0.35
2021-04-14,VOLATILE,0.35
2021-04-15,VOLATILE,0.35
2021-04-16,VOLATILE,0.35
2021-04-19,VOLATILE,0.35
2021-04-20,VOLATILE,0.35
2021-04-21,VOLATILE,0.35
2021-04-22,BEAR,0.2
2021-04-23,VOLATILE,0.35
2021-04-26,BEAR,0.2
2021-04-27,BEAR,0.2
2021-04-28,BEAR,0.2
2021-04-29,BEAR,0.2
2021-04-30,BEAR,0.2
2021-05-03,BEAR,0.2
2021-05-04,BEAR,0.2
2021-05-05,BEAR,0.2
2021-05-06,BEAR,0.2
2021-05-07,BEAR,0.2
2021-05-10,BEAR,0.2
2021-05-11,BEAR,0.2
2021-05-12,BEAR,0.2
2021-05-13,BEAR,0.2
2021-05-14,BEAR,0.2
2021-05-17,BEAR,0.2
2021-05-18,BEAR,0.2
2021-05-19,BEAR,0.2
2021-05-20,BEAR,0.2
2021-05-21,BEAR,0.2
2021-05-24,BEAR,0.2
2021-05-25,BEAR,0.2
2021-05-26,NEUTRAL,0.65
2021-05-27,BEAR,0.2
2021-05-28,NEUTRAL,0.65
2021-05-31,NEUTRAL,0.65
2021-06-01,BEAR,0.2
2021-06-02,BEAR,0.2
2021-06-03,VOLATILE,0.35
2021-06-04,NEUTRAL,0.65
2021-06-07,VOLATILE,0.35
2021-06-08,VOLATILE,0.35
2021-06-09,VOLATILE,0.35
2021-06-10,VOLATILE,0.35
2021-06-11,VOLATILE,0.35
2021-06-14,VOLATILE,0.35
2021-06-15,VOLATILE,0.35
2021-06-16,VOLATILE,0.35
2021-06-17,VOLATILE,0.35
2021-06-18,VOLATILE,0.35
2021-06-21,VOLATILE,0.35
2021-06-22,VOLATILE,0.35
2021-06-23,VOLATILE,0.35
2021-06-24,VOLATILE,0.35
2021-06-25,VOLATILE,0.35
2021-06-28,VOLATILE,0.35
2021-06-29,VOLATILE,0.35
2021-06-30,VOLATILE,0.35
2021-07-01,BEAR,0.2
2021-07-02,BEAR,0.2
2021-07-05,BEAR,0.2
2021-07-06,BEAR,0.2
2021-07-07,BEAR,0.2
2021-07-08,BEAR,0.2
2021-07-09,BEAR,0.2
2021-07-12,BEAR,0.2
2021-07-13,BEAR,0.2
2021-07-14,BEAR,0.2
2021-07-15,BEAR,0.2
2021-07-16,BEAR,0.2
2021-07-19,BEAR,0.2
2021-07-20,BEAR,0.2
2021-07-21,BEAR,0.2
2021-07-22,BEAR,0.2
2021-07-23,BEAR,0.2
2021-07-26,BEAR,0.2
2021-07-27,BEAR,0.2
2021-07-28,BEAR,0.2
2021-07-29,BEAR,0.2
2021-07-30,BEAR,0.2
2021-08-02,BEAR,0.2
2021-08-03,BEAR,0.2
2021-08-04,BEAR,0.2
2021-08-05,BEAR,0.2
2021-08-06,BEAR,0.2
2021-08-09,BEAR,0.2
2021-08-10,BEAR,0.2
2021-08-11,BEAR,0.2
2021-08-12,BEAR,0.2
2021-08-13,BEAR,0.2
2021-08-16,BEAR,0.2
2021-08-17,BEAR,0.2
2021-08-18,BEAR,0.2
2021-08-19,BEAR,0.2
2021-08-20,BEAR,0.2
2021-08-23,BEAR,0.2
2021-08-24,BEAR,0.2
2021-08-25,BEAR,0.2
2021-08-26,BEAR,0.2
2021-08-27,BEAR,0.2
2021-08-30,BEAR,0.2
2021-08-31,BEAR,0.2
2021-09-01,BEAR,0.2
2021-09-02,BEAR,0.2
2021-09-03,BEAR,0.2
2021-09-06,BEAR,0.2
2021-09-07,BEAR,0.2
2021-09-08,BEAR,0.2
2021-09-09,BEAR,0.2
2021-09-10,BEAR,0.2
2021-09-13,BEAR,0.2
2021-09-14,BEAR,0.2
2021-09-15,BEAR,0.2
2021-09-16,BEAR,0.2
2021-09-17,NEUTRAL,0.65
2021-09-20,NEUTRAL,0.65
2021-09-21,BEAR,0.2
2021-09-22,BEAR,0.2
2021-09-23,BEAR,0.2
2021-09-24,BEAR,0.2
2021-09-27,BEAR,0.2
2021-09-28,BEAR,0.2
2021-09-29,BEAR,0.2
2021-09-30,BEAR,0.2
2021-10-01,BEAR,0.2
2021-10-04,BEAR,0.2
2021-10-05,BEAR,0.2
2021-10-06,BEAR,0.2
2021-10-07,BEAR,0.2
2021-10-08,BEAR,0.2
2021-10-11,BEAR,0.2
2021-10-12,BEAR,0.2
2021-10-13,BEAR,0.2
2021-10-14,BEAR,0.2
2021-10-15,BEAR,0.2
2021-10-18,BEAR,0.2
2021-10-19,BEAR,0.2
2021-10-20,BEAR,0.2
2021-10-21,BEAR,0.2
2021-10-22,BEAR,0.2
2021-10-25,BEAR,0.2
2021-10-26,BEAR,0.2
2021-10-27,BEAR,0.2
2021-10-28,BEAR,0.2
2021-10-29,BEAR,0.2
2021-11-01,BEAR,0.2
2021-11-02,BEAR,0.2
2021-11-03,BEAR,0.2
2021-11-04,NEUTRAL,0.65
2021-11-05,NEUTRAL,0.65
2021-11-08,NEUTRAL,0.65
2021-11-09,NEUTRAL,0.65
2021-11-10,NEUTRAL,0.65
2021-11-11,NEUTRAL,0.65
2021-11-12,NEUTRAL,0.65
2021-11-15,NEUTRAL,0.65
2021-11-16,NEUTRAL,0.65
2021-11-17,NEUTRAL,0.65
2021-11-18,NEUTRAL,0.65
2021-11-19,NEUTRAL,0.65
2021-11-22,NEUTRAL,0.65
2021-11-23,NEUTRAL,0.65
2021-11-24,NEUTRAL,0.65
2021-11-25,NEUTRAL,0.65
2021-11-26,NEUTRAL,0.65
2021-11-29,BEAR,0.2
2021-11-30,BEAR,0.2
2021-12-01,BEAR,0.2
2021-12-02,BEAR,0.2
2021-12-03,BEAR,0.2
2021-12-06,BEAR,0.2
2021-12-07,BEAR,0.2
2021-12-08,BEAR,0.2
2021-12-09,BEAR,0.2
2021-12-10,BEAR,0.2
2021-12-13,BEAR,0.2
2021-12-14,BEAR,0.2
2021-12-15,BEAR,0.2
2021-12-16,BEAR,0.2
2021-12-17,BEAR,0.2
2021-12-20,BEAR,0.2
2021-12-21,BEAR,0.2
2021-12-22,BEAR,0.2
2021-12-23,BEAR,0.2
2021-12-24,BEAR,0.2
2021-12-27,BEAR,0.2
2021-12-28,BEAR,0.2
2021-12-29,BEAR,0.2
2021-12-30,NEUTRAL,0.65
2021-12-31,NEUTRAL,0.65
2022-01-03,NEUTRAL,0.65
2022-01-04,NEUTRAL,0.65
2022-01-05,NEUTRAL,0.65
2022-01-06,NEUTRAL,0.65
2022-01-07,NEUTRAL,0.65
2022-01-10,NEUTRAL,0.65
2022-01-11,NEUTRAL,0.65
2022-01-12,NEUTRAL,0.65
2022-01-13,NEUTRAL,0.65
2022-01-14,BEAR,0.2
2022-01-17,BEAR,0.2
2022-01-18,BEAR,0.2
2022-01-19,BEAR,0.2
2022-01-20,BEAR,0.2
2022-01-21,BEAR,0.2
2022-01-24,BEAR,0.2
2022-01-25,BEAR,0.2
2022-01-26,BEAR,0.2
2022-01-27,BEAR,0.2
2022-01-28,BEAR,0.2
2022-01-31,BEAR,0.2
2022-02-01,BEAR,0.2
2022-02-02,BEAR,0.2
2022-02-03,BEAR,0.2
2022-02-04,BEAR,0.2
2022-02-07,BEAR,0.2
2022-02-08,BEAR,0.2
2022-02-09,BEAR,0.2
2022-02-10,BEAR,0.2
2022-02-11,BEAR,0.2
2022-02-14,BEAR,0.2
2022-02-15,BEAR,0.2
2022-02-16,BEAR,0.2
2022-02-17,BEAR,0.2
2022-02-18,BEAR,0.2
2022-02-21,BEAR,0.2
2022-02-22,NEUTRAL,0.65
2022-02-23,NEUTRAL,0.65
2022-02-24,NEUTRAL,0.65
2022-02-25,NEUTRAL,0.65
2022-02-28,VOLATILE,0.35
2022-03-01,BEAR,0.2
2022-03-02,BEAR,0.2
2022-03-03,BEAR,0.2
2022-03-04,BEAR,0.2
2022-03-07,BEAR,0.2
2022-03-08,BEAR,0.2
2022-03-09,BEAR,0.2
2022-03-10,VOLATILE,0.35
2022-03-11,VOLATILE,0.35
2022-03-14,BEAR,0.2
2022-03-15,VOLATILE,0.35
2022-03-16,BEAR,0.2
2022-03-17,VOLATILE,0.35
2022-03-18,VOLATILE,0.35
2022-03-21,VOLATILE,0.35
2022-03-22,VOLATILE,0.35
2022-03-23,VOLATILE,0.35
2022-03-24,BEAR,0.2
2022-03-25,BEAR,0.2
2022-03-28,BEAR,0.2
2022-03-29,BEAR,0.2
2022-03-30,BEAR,0.2
2022-03-31,BEAR,0.2
2022-04-01,BEAR,0.2
2022-04-04,BEAR,0.2
2022-04-05,BEAR,0.2
2022-04-06,BEAR,0.2
2022-04-07,NEUTRAL,0.65
2022-04-08,NEUTRAL,0.65
2022-04-11,NEUTRAL,0.65
2022-04-12,BEAR,0.2
2022-04-13,BEAR,0.2
2022-04-14,BEAR,0.2
2022-04-15,BEAR,0.2
2022-04-18,BEAR,0.2
2022-04-19,BEAR,0.2
2022-04-20,BEAR,0.2
2022-04-21,BEAR,0.2
2022-04-22,BEAR,0.2
2022-04-25,BEAR,0.2
2022-04-26,BEAR,0.2
2022-04-27,BEAR,0.2
2022-04-28,BEAR,0.2
2022-04-29,BEAR,0.2
2022-05-02,BEAR,0.2
2022-05-03,BEAR,0.2
2022-05-04,BEAR,0.2
2022-05-05,BEAR,0.2
2022-05-06,BEAR,0.2
2022-05-09,BEAR,0.2
2022-05-10,BEAR,0.2
2022-05-11,BEAR,0.2
2022-05-12,BEAR,0.2
2022-05-13,BEAR,0.2
2022-05-16,BEAR,0.2
2022-05-17,BEAR,0.2
2022-05-18,BEAR,0.2
2022-05-19,BEAR,0.2
2022-05-20,BEAR,0.2
2022-05-23,BEAR,0.2
2022-05-24,BEAR,0.2
2022-05-25,BEAR,0.2
2022-05-26,BEAR,0.2
2022-05-27,BEAR,0.2
2022-05-30,BEAR,0.2
2022-05-31,BEAR,0.2
2022-06-01,BEAR,0.2
2022-06-02,BEAR,0.2
2022-06-03,BEAR,0.2
2022-06-06,BEAR,0.2
2022-06-07,BEAR,0.2
2022-06-08,BEAR,0.2
2022-06-09,NEUTRAL,0.65
2022-06-10,NEUTRAL,0.65
2022-06-13,NEUTRAL,0.65
2022-06-14,NEUTRAL,0.65
2022-06-15,NEUTRAL,0.65
2022-06-16,BEAR,0.2
2022-06-17,BEAR,0.2
2022-06-20,BEAR,0.2
2022-06-21,BEAR,0.2
2022-06-22,VOLATILE,0.35
2022-06-23,VOLATILE,0.35
2022-06-24,VOLATILE,0.35
2022-06-27,VOLATILE,0.35
2022-06-28,VOLATILE,0.35
2022-06-29,VOLATILE,0.35
2022-06-30,VOLATILE,0.35
2022-07-01,VOLATILE,0.35
2022-07-04,VOLATILE,0.35
2022-07-05,VOLATILE,0.35
2022-07-06,VOLATILE,0.35
2022-07-07,VOLATILE,0.35
2022-07-08,VOLATILE,0.35
2022-07-11,VOLATILE,0.35
2022-07-12,VOLATILE,0.35
2022-07-13,VOLATILE,0.35
2022-07-14,VOLATILE,0.35
2022-07-15,VOLATILE,0.35
2022-07-18,VOLATILE,0.35
2022-07-19,VOLATILE,0.35
2022-07-20,VOLATILE,0.35
2022-07-21,VOLATILE,0.35
2022-07-22,VOLATILE,0.35
2022-07-25,VOLATILE,0.35
2022-07-26,VOLATILE,0.35
2022-07-27,VOLATILE,0.35
2022-07-28,VOLATILE,0.35
2022-07-29,BEAR,0.2
2022-08-01,BEAR,0.2
2022-08-02,NEUTRAL,0.65
2022-08-03,NEUTRAL,0.65
2022-08-04,NEUTRAL,0.65
2022-08-05,NEUTRAL,0.65
2022-08-08,NEUTRAL,0.65
2022-08-09,NEUTRAL,0.65
2022-08-10,NEUTRAL,0.65
2022-08-11,NEUTRAL,0.65
2022-08-12,NEUTRAL,0.65
2022-08-15,NEUTRAL,0.65
2022-08-16,NEUTRAL,0.65
2022-08-17,NEUTRAL,0.65
2022-08-18,NEUTRAL,0.65
2022-08-19,NEUTRAL,0.65
2022-08-22,NEUTRAL,0.65
2022-08-23,NEUTRAL,0.65
2022-08-24,NEUTRAL,0.65
2022-08-25,NEUTRAL,0.65
2022-08-26,NEUTRAL,0.65
2022-08-29,NEUTRAL,0.65
2022-08-30,NEUTRAL,0.65
2022-08-31,NEUTRAL,0.65
2022-09-01,NEUTRAL,0.65
2022-09-02,NEUTRAL,0.65
2022-09-05,NEUTRAL,0.65
2022-09-06,NEUTRAL,0.65
2022-09-07,BEAR,0.2
2022-09-08,BEAR,0.2
2022-09-09,BEAR,0.2
2022-09-12,BEAR,0.2
2022-09-13,BEAR,0.2
2022-09-14,BEAR,0.2
2022-09-15,BEAR,0.2
2022-09-16,BEAR,0.2
2022-09-19,BEAR,0.2
2022-09-20,BEAR,0.2
2022-09-21,BEAR,0.2
2022-09-22,BEAR,0.2
2022-09-23,BEAR,0.2
2022-09-26,BEAR,0.2
2022-09-27,BEAR,0.2
2022-09-28,VOLATILE,0.35
2022-09-29,VOLATILE,0.35
2022-09-30,VOLATILE,0.35
2022-10-03,VOLATILE,0.35
2022-10-04,VOLATILE,0.35
2022-10-05,VOLATILE,0.35
2022-10-06,VOLATILE,0.35
2022-10-07,VOLATILE,0.35
2022-10-10,VOLATILE,0.35
2022-10-11,VOLATILE,0.35
2022-10-12,VOLATILE,0.35
2022-10-13,VOLATILE,0.35
2022-10-14,VOLATILE,0.35
2022-10-17,VOLATILE,0.35
2022-10-18,VOLATILE,0.35
2022-10-19,VOLATILE,0.35
2022-10-20,VOLATILE,0.35
2022-10-21,VOLATILE,0.35
2022-10-24,VOLATILE,0.35
2022-10-25,VOLATILE,0.35
2022-10-26,VOLATILE,0.35
2022-10-27,VOLATILE,0.35
2022-10-28,VOLATILE,0.35
2022-10-31,VOLATILE,0.35
2022-11-01,VOLATILE,0.35
2022-11-02,VOLATILE,0.35
2022-11-03,VOLATILE,0.35
2022-11-04,VOLATILE,0.35
2022-11-07,VOLATILE,0.35
2022-11-08,BEAR,0.2
2022-11-09,BEAR,0.2
2022-11-10,BEAR,0.2
2022-11-11,NEUTRAL,0.65
2022-11-14,NEUTRAL,0.65
2022-11-15,NEUTRAL,0.65
2022-11-16,NEUTRAL,0.65
2022-11-17,NEUTRAL,0.65
2022-11-18,NEUTRAL,0.65
2022-11-21,NEUTRAL,0.65
2022-11-22,NEUTRAL,0.65
2022-11-23,NEUTRAL,0.65
2022-11-24,NEUTRAL,0.65
2022-11-25,NEUTRAL,0.65
2022-11-28,NEUTRAL,0.65
2022-11-29,NEUTRAL,0.65
2022-11-30,NEUTRAL,0.65
2022-12-01,NEUTRAL,0.65
2022-12-02,NEUTRAL,0.65
2022-12-05,NEUTRAL,0.65
2022-12-06,NEUTRAL,0.65
2022-12-07,NEUTRAL,0.65
2022-12-08,NEUTRAL,0.65
2022-12-09,NEUTRAL,0.65
2022-12-12,NEUTRAL,0.65
2022-12-13,NEUTRAL,0.65
2022-12-14,NEUTRAL,0.65
2022-12-15,NEUTRAL,0.65
2022-12-16,NEUTRAL,0.65
2022-12-19,NEUTRAL,0.65
2022-12-20,BEAR,0.2
2022-12-21,BEAR,0.2
2022-12-22,BEAR,0.2
2022-12-23,BEAR,0.2
2022-12-26,BEAR,0.2
2022-12-27,BEAR,0.2
2022-12-28,BEAR,0.2
2022-12-29,BEAR,0.2
2022-12-30,BEAR,0.2
2023-01-02,BEAR,0.2
2023-01-03,BEAR,0.2
2023-01-04,BEAR,0.2
2023-01-05,BEAR,0.2
2023-01-06,BEAR,0.2
2023-01-09,BEAR,0.2
2023-01-10,BEAR,0.2
2023-01-11,BEAR,0.2
2023-01-12,BEAR,0.2
2023-01-13,BEAR,0.2
2023-01-16,BEAR,0.2
2023-01-17,BEAR,0.2
2023-01-18,NEUTRAL,0.65
2023-01-19,NEUTRAL,0.65
2023-01-20,NEUTRAL,0.65
2023-01-23,NEUTRAL,0.65
2023-01-24,NEUTRAL,0.65
2023-01-25,NEUTRAL,0.65
2023-01-26,NEUTRAL,0.65
2023-01-27,NEUTRAL,0.65
2023-01-30,NEUTRAL,0.65
2023-01-31,NEUTRAL,0.65
2023-02-01,NEUTRAL,0.65
2023-02-02,NEUTRAL,0.65
2023-02-03,NEUTRAL,0.65
2023-02-06,NEUTRAL,0.65
2023-02-07,NEUTRAL,0.65
2023-02-08,NEUTRAL,0.65
2023-02-09,NEUTRAL,0.65
2023-02-10,NEUTRAL,0.65
2023-02-13,NEUTRAL,0.65
2023-02-14,NEUTRAL,0.65
2023-02-15,NEUTRAL,0.65
2023-02-16,NEUTRAL,0.65
2023-02-17,NEUTRAL,0.65
2023-02-20,NEUTRAL,0.65
2023-02-21,NEUTRAL,0.65
2023-02-22,NEUTRAL,0.65
2023-02-23,NEUTRAL,0.65
2023-02-24,BULL,1.0
2023-02-27,BULL,1.0
2023-02-28,BULL,1.0
2023-03-01,BULL,1.0
2023-03-02,BULL,1.0
2023-03-03,BULL,1.0
2023-03-06,BULL,1.0
2023-03-07,BULL,1.0
2023-03-08,BULL,1.0
2023-03-09,BULL,1.0
2023-03-10,BULL,1.0
2023-03-13,BULL,1.0
2023-03-14,BULL,1.0
2023-03-15,BULL,1.0
2023-03-16,BULL,1.0
2023-03-17,BULL,1.0
2023-03-20,NEUTRAL,0.65
2023-03-21,NEUTRAL,0.65
2023-03-22,NEUTRAL,0.65
2023-03-23,NEUTRAL,0.65
2023-03-24,NEUTRAL,0.65
2023-03-27,NEUTRAL,0.65
2023-03-28,NEUTRAL,0.65
2023-03-29,NEUTRAL,0.65
2023-03-30,NEUTRAL,0.65
2023-03-31,NEUTRAL,0.65
2023-04-03,NEUTRAL,0.65
2023-04-04,NEUTRAL,0.65
2023-04-05,NEUTRAL,0.65
2023-04-06,BULL,1.0
2023-04-07,BULL,1.0
2023-04-10,BULL,1.0
2023-04-11,BULL,1.0
2023-04-12,BULL,1.0
2023-04-13,BULL,1.0
2023-04-14,BULL,1.0
2023-04-17,BULL,1.0
2023-04-18,BULL,1.0
2023-04-19,BULL,1.0
2023-04-20,BULL,1.0
2023-04-21,BULL,1.0
2023-04-24,BULL,1.0
2023-04-25,NEUTRAL,0.65
2023-04-26,BULL,1.0
2023-04-27,BULL,1.0
2023-04-28,BULL,1.0
2023-05-01,BULL,1.0
2023-05-02,BULL,1.0
2023-05-03,BULL,1.0
2023-05-04,BULL,1.0
2023-05-05,NEUTRAL,0.65
2023-05-08,NEUTRAL,0.65
2023-05-09,NEUTRAL,0.65
2023-05-10,NEUTRAL,0.65
2023-05-11,BEAR,0.2
2023-05-12,BEAR,0.2
2023-05-15,BEAR,0.2
2023-05-16,BEAR,0.2
2023-05-17,NEUTRAL,0.65
2023-05-18,NEUTRAL,0.65
2023-05-19,NEUTRAL,0.65
2023-05-22,NEUTRAL,0.65
2023-05-23,NEUTRAL,0.65
2023-05-24,BULL,1.0
2023-05-25,BULL,1.0
2023-05-26,BULL,1.0
2023-05-29,BULL,1.0
2023-05-30,BULL,1.0
2023-05-31,NEUTRAL,0.65
2023-06-01,NEUTRAL,0.65
2023-06-02,NEUTRAL,0.65
2023-06-05,NEUTRAL,0.65
2023-06-06,BULL,1.0
2023-06-07,BULL,1.0
2023-06-08,BULL,1.0
2023-06-09,BULL,1.0
2023-06-12,BULL,1.0
2023-06-13,BULL,1.0
2023-06-14,BULL,1.0
2023-06-15,BULL,1.0
2023-06-16,BULL,1.0
2023-06-19,BULL,1.0
2023-06-20,NEUTRAL,0.65
2023-06-21,BULL,1.0
2023-06-22,BULL,1.0
2023-06-23,BULL,1.0
2023-06-26,BULL,1.0
2023-06-27,VOLATILE,0.35
2023-06-28,VOLATILE,0.35
2023-06-29,VOLATILE,0.35
2023-06-30,VOLATILE,0.35
2023-07-03,VOLATILE,0.35
2023-07-04,VOLATILE,0.35
2023-07-05,VOLATILE,0.35
2023-07-06,VOLATILE,0.35
2023-07-07,VOLATILE,0.35
2023-07-10,VOLATILE,0.35
2023-07-11,VOLATILE,0.35
2023-07-12,VOLATILE,0.35
2023-07-13,VOLATILE,0.35
2023-07-14,VOLATILE,0.35
2023-07-17,VOLATILE,0.35
2023-07-18,VOLATILE,0.35
2023-07-19,VOLATILE,0.35
2023-07-20,BULL,1.0
2023-07-21,BULL,1.0
2023-07-24,BEAR,0.2
2023-07-25,NEUTRAL,0.65
2023-07-26,BEAR,0.2
2023-07-27,NEUTRAL,0.65
2023-07-28,NEUTRAL,0.65
2023-07-31,NEUTRAL,0.65
2023-08-01,NEUTRAL,0.65
2023-08-02,BEAR,0.2
2023-08-03,BEAR,0.2
2023-08-04,BEAR,0.2
2023-08-07,BEAR,0.2
2023-08-08,BEAR,0.2
2023-08-09,BEAR,0.2
2023-08-10,BEAR,0.2
2023-08-11,BEAR,0.2
2023-08-14,BEAR,0.2
2023-08-15,BEAR,0.2
2023-08-16,BEAR,0.2
2023-08-17,BEAR,0.2
2023-08-18,BEAR,0.2
2023-08-21,BEAR,0.2
2023-08-22,BEAR,0.2
2023-08-23,BEAR,0.2
2023-08-24,BEAR,0.2
2023-08-25,BEAR,0.2
2023-08-28,BEAR,0.2
2023-08-29,BEAR,0.2
2023-08-30,BEAR,0.2
2023-08-31,BEAR,0.2
2023-09-01,BEAR,0.2
2023-09-04,BEAR,0.2
2023-09-05,BEAR,0.2
2023-09-06,BEAR,0.2
2023-09-07,BEAR,0.2
2023-09-08,BEAR,0.2
2023-09-11,BEAR,0.2
2023-09-12,BEAR,0.2
2023-09-13,BEAR,0.2
2023-09-14,BEAR,0.2
2023-09-15,NEUTRAL,0.65
2023-09-18,NEUTRAL,0.65
2023-09-19,NEUTRAL,0.65
2023-09-20,NEUTRAL,0.65
2023-09-21,NEUTRAL,0.65
2023-09-22,BEAR,0.2
2023-09-25,BEAR,0.2
2023-09-26,BEAR,0.2
2023-09-27,BEAR,0.2
2023-09-28,BEAR,0.2
2023-09-29,BEAR,0.2
2023-10-02,BEAR,0.2
2023-10-03,BEAR,0.2
2023-10-04,BEAR,0.2
2023-10-05,BEAR,0.2
2023-10-06,BEAR,0.2
2023-10-09,BEAR,0.2
2023-10-10,BEAR,0.2
2023-10-11,BEAR,0.2
2023-10-12,BEAR,0.2
2023-10-13,BEAR,0.2
2023-10-16,BEAR,0.2
2023-10-17,BEAR,0.2
2023-10-18,BEAR,0.2
2023-10-19,BEAR,0.2
2023-10-20,BEAR,0.2
2023-10-23,BEAR,0.2
2023-10-24,BEAR,0.2
2023-10-25,BEAR,0.2
2023-10-26,BEAR,0.2
2023-10-27,BEAR,0.2
2023-10-30,BEAR,0.2
2023-10-31,BEAR,0.2
2023-11-01,BEAR,0.2
2023-11-02,BEAR,0.2
2023-11-03,BEAR,0.2
2023-11-06,BEAR,0.2
2023-11-07,BEAR,0.2
2023-11-08,BEAR,0.2
2023-11-09,BEAR,0.2
2023-11-10,BEAR,0.2
2023-11-13,BEAR,0.2
2023-11-14,BEAR,0.2
2023-11-15,BEAR,0.2
2023-11-16,BEAR,0.2
2023-11-17,BEAR,0.2
2023-11-20,NEUTRAL,0.65
2023-11-21,NEUTRAL,0.65
2023-11-22,NEUTRAL,0.65
2023-11-23,NEUTRAL,0.65
2023-11-24,NEUTRAL,0.65
2023-11-27,NEUTRAL,0.65
2023-11-28,NEUTRAL,0.65
2023-11-29,NEUTRAL,0.65
2023-11-30,NEUTRAL,0.65
2023-12-01,NEUTRAL,0.65
2023-12-04,NEUTRAL,0.65
2023-12-05,NEUTRAL,0.65
2023-12-06,NEUTRAL,0.65
2023-12-07,NEUTRAL,0.65
2023-12-08,NEUTRAL,0.65
2023-12-11,NEUTRAL,0.65
2023-12-12,NEUTRAL,0.65
2023-12-13,NEUTRAL,0.65
2023-12-14,NEUTRAL,0.65
2023-12-15,NEUTRAL,0.65
2023-12-18,NEUTRAL,0.65
2023-12-19,NEUTRAL,0.65
2023-12-20,NEUTRAL,0.65
2023-12-21,BEAR,0.2
2023-12-22,BEAR,0.2
2023-12-25,BEAR,0.2
2023-12-26,BEAR,0.2
2023-12-27,BEAR,0.2
2023-12-28,BEAR,0.2
2023-12-29,BEAR,0.2
2024-01-01,NEUTRAL,0.65
2024-01-02,NEUTRAL,0.65
2024-01-03,NEUTRAL,0.65
2024-01-04,BEAR,0.2
2024-01-05,BEAR,0.2
2024-01-08,BEAR,0.2
2024-01-09,BEAR,0.2
2024-01-10,BEAR,0.2
2024-01-11,BEAR,0.2
2024-01-12,BEAR,0.2
2024-01-15,BEAR,0.2
2024-01-16,BEAR,0.2
2024-01-17,BEAR,0.2
2024-01-18,BEAR,0.2
2024-01-19,BEAR,0.2
2024-01-22,BEAR,0.2
2024-01-23,BEAR,0.2
2024-01-24,BEAR,0.2
2024-01-25,BEAR,0.2
2024-01-26,BEAR,0.2
2024-01-29,BEAR,0.2
2024-01-30,BEAR,0.2
2024-01-31,BEAR,0.2
2024-02-01,BEAR,0.2
2024-02-02,BEAR,0.2
2024-02-05,BEAR,0.2
2024-02-06,BEAR,0.2
2024-02-07,BEAR,0.2
2024-02-08,VOLATILE,0.35
2024-02-09,VOLATILE,0.35
2024-02-12,VOLATILE,0.35
2024-02-13,VOLATILE,0.35
2024-02-14,VOLATILE,0.35
2024-02-15,VOLATILE,0.35
2024-02-16,VOLATILE,0.35
2024-02-19,VOLATILE,0.35
2024-02-20,VOLATILE,0.35
2024-02-21,VOLATILE,0.35
2024-02-22,VOLATILE,0.35
2024-02-23,VOLATILE,0.35
2024-02-26,VOLATILE,0.35
2024-02-27,VOLATILE,0.35
2024-02-28,VOLATILE,0.35
2024-02-29,VOLATILE,0.35
2024-03-01,VOLATILE,0.35
2024-03-04,VOLATILE,0.35
2024-03-05,VOLATILE,0.35
2024-03-06,VOLATILE,0.35
2024-03-07,VOLATILE,0.35
2024-03-08,VOLATILE,0.35
2024-03-11,VOLATILE,0.35
2024-03-12,VOLATILE,0.35
2024-03-13,VOLATILE,0.35
2024-03-14,VOLATILE,0.35
2024-03-15,VOLATILE,0.35
2024-03-18,VOLATILE,0.35
2024-03-19,VOLATILE,0.35
2024-03-20,VOLATILE,0.35
2024-03-21,VOLATILE,0.35
2024-03-22,VOLATILE,0.35
2024-03-25,VOLATILE,0.35
2024-03-26,VOLATILE,0.35
2024-03-27,NEUTRAL,0.65
2024-03-28,NEUTRAL,0.65
2024-03-29,NEUTRAL,0.65
2024-04-01,NEUTRAL,0.65
2024-04-02,NEUTRAL,0.65
2024-04-03,NEUTRAL,0.65
2024-04-04,NEUTRAL,0.65
2024-04-05,NEUTRAL,0.65
2024-04-08,NEUTRAL,0.65
2024-04-09,BULL,1.0
2024-04-10,BULL,1.0
2024-04-11,BULL,1.0
2024-04-12,BULL,1.0
2024-04-15,BULL,1.0
2024-04-16,NEUTRAL,0.65
2024-04-17,BULL,1.0
2024-04-18,BULL,1.0
2024-04-19,VOLATILE,0.35
2024-04-22,VOLATILE,0.35
2024-04-23,VOLATILE,0.35
2024-04-24,VOLATILE,0.35
2024-04-25,VOLATILE,0.35
2024-04-26,VOLATILE,0.35
2024-04-29,VOLATILE,0.35
2024-04-30,VOLATILE,0.35
2024-05-01,VOLATILE,0.35
2024-05-02,VOLATILE,0.35
2024-05-03,VOLATILE,0.35
2024-05-06,VOLATILE,0.35
2024-05-07,VOLATILE,0.35
2024-05-08,VOLATILE,0.35
2024-05-09,VOLATILE,0.35
2024-05-10,VOLATILE,0.35
2024-05-13,BEAR,0.2
2024-05-14,BEAR,0.2
2024-05-15,BEAR,0.2
2024-05-16,BEAR,0.2
2024-05-17,BEAR,0.2
2024-05-20,BEAR,0.2
2024-05-21,NEUTRAL,0.65
2024-05-22,NEUTRAL,0.65
2024-05-23,NEUTRAL,0.65
2024-05-24,NEUTRAL,0.65
2024-05-27,BEAR,0.2
2024-05-28,BEAR,0.2
2024-05-29,BEAR,0.2
2024-05-30,BEAR,0.2
2024-05-31,BEAR,0.2
2024-06-03,BEAR,0.2
2024-06-04,BEAR,0.2
2024-06-05,BEAR,0.2
2024-06-06,BEAR,0.2
2024-06-07,BEAR,0.2
2024-06-10,NEUTRAL,0.65
2024-06-11,NEUTRAL,0.65
2024-06-12,NEUTRAL,0.65
2024-06-13,NEUTRAL,0.65
2024-06-14,NEUTRAL,0.65
2024-06-17,NEUTRAL,0.65
2024-06-18,NEUTRAL,0.65
2024-06-19,NEUTRAL,0.65
2024-06-20,BULL,1.0
2024-06-21,BULL,1.0
2024-06-24,NEUTRAL,0.65
2024-06-25,NEUTRAL,0.65
2024-06-26,NEUTRAL,0.65
2024-06-27,NEUTRAL,0.65
2024-06-28,NEUTRAL,0.65
2024-07-01,BEAR,0.2
2024-07-02,BEAR,0.2
2024-07-03,NEUTRAL,0.65
2024-07-04,NEUTRAL,0.65
2024-07-05,NEUTRAL,0.65
2024-07-08,NEUTRAL,0.65
2024-07-09,NEUTRAL,0.65
2024-07-10,BEAR,0.2
2024-07-11,BEAR,0.2
2024-07-12,BEAR,0.2
2024-07-15,BEAR,0.2
2024-07-16,BEAR,0.2
2024-07-17,BEAR,0.2
2024-07-18,BEAR,0.2
2024-07-19,BEAR,0.2
2024-07-22,BEAR,0.2
2024-07-23,BEAR,0.2
2024-07-24,BEAR,0.2
2024-07-25,BEAR,0.2
2024-07-26,BEAR,0.2
2024-07-29,BEAR,0.2
2024-07-30,VOLATILE,0.35
2024-07-31,VOLATILE,0.35
2024-08-01,VOLATILE,0.35
2024-08-02,VOLATILE,0.35
2024-08-05,VOLATILE,0.35
2024-08-06,VOLATILE,0.35
2024-08-07,VOLATILE,0.35
2024-08-08,VOLATILE,0.35
2024-08-09,VOLATILE,0.35
2024-08-12,VOLATILE,0.35
2024-08-13,VOLATILE,0.35
2024-08-14,VOLATILE,0.35
2024-08-15,VOLATILE,0.35
2024-08-16,VOLATILE,0.35
2024-08-19,VOLATILE,0.35
2024-08-20,VOLATILE,0.35
2024-08-21,VOLATILE,0.35
2024-08-22,VOLATILE,0.35
2024-08-23,VOLATILE,0.35
2024-08-26,VOLATILE,0.35
2024-08-27,VOLATILE,0.35
2024-08-28,VOLATILE,0.35
2024-08-29,VOLATILE,0.35
2024-08-30,VOLATILE,0.35
2024-09-02,VOLATILE,0.35
2024-09-03,VOLATILE,0.35
2024-09-04,BEAR,0.2
2024-09-05,NEUTRAL,0.65
2024-09-06,NEUTRAL,0.65
2024-09-09,BEAR,0.2
2024-09-10,BEAR,0.2
2024-09-11,BEAR,0.2
2024-09-12,BEAR,0.2
2024-09-13,BEAR,0.2
2024-09-16,BEAR,0.2
2024-09-17,BEAR,0.2
2024-09-18,BEAR,0.2
2024-09-19,BEAR,0.2
2024-09-20,BEAR,0.2
2024-09-23,BEAR,0.2
2024-09-24,BEAR,0.2
2024-09-25,BEAR,0.2
2024-09-26,BEAR,0.2
2024-09-27,BEAR,0.2
2024-09-30,BEAR,0.2
2024-10-01,BEAR,0.2
2024-10-02,BEAR,0.2
2024-10-03,BEAR,0.2
2024-10-04,BEAR,0.2
2024-10-07,BEAR,0.2
2024-10-08,NEUTRAL,0.65
2024-10-09,NEUTRAL,0.65
2024-10-10,BEAR,0.2
2024-10-11,BEAR,0.2
2024-10-14,BEAR,0.2
2024-10-15,BEAR,0.2
2024-10-16,BEAR,0.2
2024-10-17,BEAR,0.2
2024-10-18,BEAR,0.2
2024-10-21,BEAR,0.2
2024-10-22,BEAR,0.2
2024-10-23,BEAR,0.2
2024-10-24,BEAR,0.2
2024-10-25,BEAR,0.2
2024-10-28,BEAR,0.2
2024-10-29,BEAR,0.2
2024-10-30,BEAR,0.2
2024-10-31,VOLATILE,0.35
2024-11-01,VOLATILE,0.35
2024-11-04,VOLATILE,0.35
2024-11-05,VOLATILE,0.35
2024-11-06,VOLATILE,0.35
2024-11-07,BEAR,0.2
2024-11-08,BEAR,0.2
2024-11-11,BEAR,0.2
2024-11-12,BEAR,0.2
2024-11-13,BEAR,0.2
2024-11-14,BEAR,0.2
2024-11-15,BEAR,0.2
2024-11-18,BEAR,0.2
2024-11-19,BEAR,0.2
2024-11-20,BEAR,0.2
2024-11-21,BEAR,0.2
2024-11-22,BEAR,0.2
2024-11-25,BEAR,0.2
2024-11-26,BEAR,0.2
2024-11-27,BEAR,0.2
2024-11-28,BEAR,0.2
2024-11-29,BEAR,0.2
2024-12-02,BEAR,0.2
2024-12-03,BEAR,0.2
2024-12-04,BEAR,0.2
2024-12-05,BEAR,0.2
2024-12-06,BEAR,0.2
2024-12-09,BEAR,0.2
2024-12-10,BEAR,0.2
2024-12-11,BEAR,0.2
2024-12-12,BEAR,0.2
2024-12-13,BEAR,0.2
2024-12-16,BEAR,0.2
2024-12-17,BEAR,0.2
2024-12-18,BEAR,0.2
2024-12-19,BEAR,0.2
2024-12-20,BEAR,0.2
2024-12-23,BEAR,0.2
2024-12-24,BEAR,0.2
2024-12-25,BEAR,0.2
2024-12-26,BEAR,0.2
2024-12-27,BEAR,0.2
2024-12-30,BEAR,0.2
2024-12-31,BEAR,0.2
2025-01-01,BEAR,0.2
2025-01-02,BEAR,0.2
2025-01-03,BEAR,0.2
2025-01-06,BEAR,0.2
2025-01-07,BEAR,0.2
2025-01-08,BEAR,0.2
2025-01-09,BEAR,0.2
2025-01-10,BEAR,0.2
2025-01-13,BEAR,0.2
2025-01-14,BEAR,0.2
2025-01-15,BEAR,0.2
2025-01-16,BEAR,0.2
2025-01-17,BEAR,0.2
2025-01-20,BEAR,0.2
2025-01-21,BEAR,0.2
2025-01-22,BEAR,0.2
2025-01-23,BEAR,0.2
2025-01-24,BEAR,0.2
2025-01-27,BEAR,0.2
2025-01-28,BEAR,0.2
2025-01-29,BEAR,0.2
2025-01-30,VOLATILE,0.35
2025-01-31,VOLATILE,0.35
2025-02-03,VOLATILE,0.35
2025-02-04,VOLATILE,0.35
2025-02-05,VOLATILE,0.35
2025-02-06,VOLATILE,0.35
2025-02-07,VOLATILE,0.35
2025-02-10,BEAR,0.2
2025-02-11,BEAR,0.2
2025-02-12,BEAR,0.2
2025-02-13,BEAR,0.2
2025-02-14,BEAR,0.2
2025-02-17,BEAR,0.2
2025-02-18,BEAR,0.2
2025-02-19,BEAR,0.2
2025-02-20,BEAR,0.2
2025-02-21,BEAR,0.2
2025-02-24,BEAR,0.2
2025-02-25,BEAR,0.2
2025-02-26,BEAR,0.2
2025-02-27,NEUTRAL,0.65
2025-02-28,NEUTRAL,0.65
2025-03-03,NEUTRAL,0.65
2025-03-04,NEUTRAL,0.65
2025-03-05,NEUTRAL,0.65
2025-03-06,NEUTRAL,0.65
2025-03-07,NEUTRAL,0.65
2025-03-10,NEUTRAL,0.65
2025-03-11,NEUTRAL,0.65
2025-03-12,BEAR,0.2
2025-03-13,BEAR,0.2
2025-03-14,BEAR,0.2
2025-03-17,BEAR,0.2
2025-03-18,BEAR,0.2
2025-03-19,BEAR,0.2
2025-03-20,BEAR,0.2
2025-03-21,BEAR,0.2
2025-03-24,BEAR,0.2
2025-03-25,BEAR,0.2
2025-03-26,BEAR,0.2
2025-03-27,BEAR,0.2
2025-03-28,BEAR,0.2
2025-03-31,VOLATILE,0.35
2025-04-01,VOLATILE,0.35
2025-04-02,VOLATILE,0.35
2025-04-03,VOLATILE,0.35
2025-04-04,VOLATILE,0.35
2025-04-07,VOLATILE,0.35
2025-04-08,VOLATILE,0.35
2025-04-09,VOLATILE,0.35
2025-04-10,VOLATILE,0.35
2025-04-11,VOLATILE,0.35
2025-04-14,VOLATILE,0.35
2025-04-15,VOLATILE,0.35
2025-04-16,VOLATILE,0.35
2025-04-17,VOLATILE,0.35
2025-04-18,VOLATILE,0.35
2025-04-21,VOLATILE,0.35
2025-04-22,VOLATILE,0.35
2025-04-23,VOLATILE,0.35
2025-04-24,VOLATILE,0.35
2025-04-25,VOLATILE,0.35
2025-04-28,VOLATILE,0.35
2025-04-29,VOLATILE,0.35
2025-04-30,VOLATILE,0.35
2025-05-01,VOLATILE,0.35
2025-05-02,VOLATILE,0.35
2025-05-05,VOLATILE,0.35
2025-05-06,VOLATILE,0.35
2025-05-07,VOLATILE,0.35
2025-05-08,VOLATILE,0.35
2025-05-09,VOLATILE,0.35
2025-05-12,VOLATILE,0.35
2025-05-13,VOLATILE,0.35
2025-05-14,NEUTRAL,0.65
2025-05-15,NEUTRAL,0.65
2025-05-16,NEUTRAL,0.65
2025-05-19,NEUTRAL,0.65
2025-05-20,NEUTRAL,0.65
2025-05-21,NEUTRAL,0.65
2025-05-22,NEUTRAL,0.65
2025-05-23,NEUTRAL,0.65
2025-05-26,NEUTRAL,0.65
2025-05-27,NEUTRAL,0.65
2025-05-28,NEUTRAL,0.65
2025-05-29,NEUTRAL,0.65
2025-05-30,NEUTRAL,0.65
2025-06-02,BEAR,0.2
2025-06-03,BEAR,0.2
2025-06-04,BEAR,0.2
2025-06-05,BEAR,0.2
2025-06-06,BEAR,0.2
2025-06-09,BEAR,0.2
2025-06-10,BEAR,0.2
2025-06-11,BEAR,0.2
2025-06-12,BEAR,0.2
2025-06-13,BEAR,0.2
2025-06-16,BEAR,0.2
2025-06-17,BEAR,0.2
2025-06-18,BEAR,0.2
2025-06-19,BEAR,0.2
2025-06-20,BEAR,0.2
2025-06-23,BEAR,0.2
2025-06-24,BEAR,0.2
2025-06-25,BEAR,0.2
2025-06-26,BEAR,0.2
2025-06-27,BEAR,0.2
2025-06-30,BEAR,0.2
2025-07-01,BEAR,0.2
2025-07-02,BEAR,0.2
2025-07-03,BEAR,0.2
2025-07-04,BEAR,0.2
2025-07-07,BEAR,0.2
2025-07-08,BEAR,0.2
2025-07-09,BEAR,0.2
2025-07-10,BEAR,0.2
2025-07-11,BEAR,0.2
2025-07-14,BEAR,0.2
2025-07-15,BEAR,0.2
2025-07-16,BEAR,0.2
2025-07-17,BEAR,0.2
2025-07-18,BEAR,0.2
2025-07-21,BEAR,0.2
2025-07-22,BEAR,0.2
2025-07-23,BEAR,0.2
2025-07-24,BEAR,0.2
2025-07-25,BEAR,0.2
2025-07-28,BEAR,0.2
2025-07-29,BEAR,0.2
2025-07-30,BEAR,0.2
2025-07-31,BEAR,0.2
2025-08-01,BEAR,0.2
2025-08-04,BEAR,0.2
2025-08-05,BEAR,0.2
2025-08-06,BEAR,0.2
2025-08-07,BEAR,0.2
2025-08-08,NEUTRAL,0.65
2025-08-11,NEUTRAL,0.65
2025-08-12,NEUTRAL,0.65
2025-08-13,NEUTRAL,0.65
2025-08-14,BEAR,0.2
2025-08-15,BEAR,0.2
2025-08-18,BEAR,0.2
2025-08-19,BEAR,0.2
2025-08-20,BEAR,0.2
2025-08-21,BEAR,0.2
2025-08-22,BEAR,0.2
2025-08-25,BEAR,0.2
2025-08-26,BEAR,0.2
2025-08-27,BEAR,0.2
2025-08-28,BEAR,0.2
2025-08-29,NEUTRAL,0.65
2025-09-01,NEUTRAL,0.65
2025-09-02,BEAR,0.2
2025-09-03,BEAR,0.2
2025-09-04,BEAR,0.2
2025-09-05,BEAR,0.2
2025-09-08,BEAR,0.2
2025-09-09,BEAR,0.2
2025-09-10,BEAR,0.2
2025-09-11,BEAR,0.2
2025-09-12,BEAR,0.2
2025-09-15,BEAR,0.2
2025-09-16,BEAR,0.2
2025-09-17,BEAR,0.2
2025-09-18,BEAR,0.2
2025-09-19,BEAR,0.2
2025-09-22,BEAR,0.2
2025-09-23,BEAR,0.2
2025-09-24,BEAR,0.2
2025-09-25,BEAR,0.2
2025-09-26,BEAR,0.2
2025-09-29,BEAR,0.2
2025-09-30,BEAR,0.2
2025-10-01,BEAR,0.2
2025-10-02,BEAR,0.2
2025-10-03,BEAR,0.2
2025-10-06,BEAR,0.2
2025-10-07,BEAR,0.2
2025-10-08,BEAR,0.2
2025-10-09,BEAR,0.2
2025-10-10,BEAR,0.2
2025-10-13,BEAR,0.2
2025-10-14,BEAR,0.2
2025-10-15,BEAR,0.2
2025-10-16,BEAR,0.2
2025-10-17,BEAR,0.2
2025-10-20,BEAR,0.2
2025-10-21,BEAR,0.2
2025-10-22,BEAR,0.2
2025-10-23,BEAR,0.2
2025-10-24,BEAR,0.2
2025-10-27,BEAR,0.2
2025-10-28,BEAR,0.2
2025-10-29,BEAR,0.2
2025-10-30,BEAR,0.2
2025-10-31,BEAR,0.2
2025-11-03,BEAR,0.2
2025-11-04,BEAR,0.2
2025-11-05,BEAR,0.2
2025-11-06,BEAR,0.2
2025-11-07,BEAR,0.2
2025-11-10,BEAR,0.2
2025-11-11,BEAR,0.2
2025-11-12,BEAR,0.2
2025-11-13,BEAR,0.2
2025-11-14,BEAR,0.2
2025-11-17,BEAR,0.2
2025-11-18,BEAR,0.2
2025-11-19,BEAR,0.2
2025-11-20,BEAR,0.2
2025-11-21,BEAR,0.2
2025-11-24,BEAR,0.2
2025-11-25,BEAR,0.2
2025-11-26,BEAR,0.2
2025-11-27,BEAR,0.2
2025-11-28,BEAR,0.2
2025-12-01,BEAR,0.2
2025-12-02,BEAR,0.2
2025-12-03,BEAR,0.2
2025-12-04,BEAR,0.2
2025-12-05,BEAR,0.2
2025-12-08,BEAR,0.2
2025-12-09,BEAR,0.2
2025-12-10,BEAR,0.2
2025-12-11,BEAR,0.2
2025-12-12,BEAR,0.2
2025-12-15,BEAR,0.2
2025-12-16,BEAR,0.2
2025-12-17,BEAR,0.2
2025-12-18,BEAR,0.2
2025-12-19,NEUTRAL,0.65
2025-12-22,NEUTRAL,0.65
2025-12-23,NEUTRAL,0.65
2025-12-24,NEUTRAL,0.65
2025-12-25,NEUTRAL,0.65
2025-12-26,NEUTRAL,0.65
2025-12-29,BEAR,0.2
2025-12-30,BEAR,0.2
2025-12-31,BEAR,0.2
2026-01-01,BEAR,0.2
2026-01-02,BEAR,0.2
2026-01-05,BEAR,0.2
2026-01-06,BEAR,0.2
2026-01-07,NEUTRAL,0.65
2026-01-08,NEUTRAL,0.65
2026-01-09,BEAR,0.2
2026-01-12,NEUTRAL,0.65
2026-01-13,NEUTRAL,0.65
2026-01-14,NEUTRAL,0.65
2026-01-15,NEUTRAL,0.65
2026-01-16,NEUTRAL,0.65
2026-01-19,NEUTRAL,0.65
2026-01-20,NEUTRAL,0.65
2026-01-21,NEUTRAL,0.65
2026-01-22,NEUTRAL,0.65
2026-01-23,NEUTRAL,0.65
2026-01-26,NEUTRAL,0.65
2026-01-27,NEUTRAL,0.65
2026-01-28,NEUTRAL,0.65
2026-01-29,BEAR,0.2
2026-01-30,BEAR,0.2
2026-02-02,BEAR,0.2
2026-02-03,BEAR,0.2
2026-02-04,BEAR,0.2
2026-02-05,BEAR,0.2
2026-02-06,BEAR,0.2
2026-02-09,BEAR,0.2
2026-02-10,BEAR,0.2
2026-02-11,BEAR,0.2
2026-02-12,BEAR,0.2
2026-02-13,BEAR,0.2
2026-02-16,BEAR,0.2
2026-02-17,VOLATILE,0.35
2026-02-18,VOLATILE,0.35
2026-02-19,VOLATILE,0.35
2026-02-20,VOLATILE,0.35
2026-02-23,VOLATILE,0.35
2026-02-24,VOLATILE,0.35
2026-02-25,VOLATILE,0.35
2026-02-26,VOLATILE,0.35
2026-02-27,VOLATILE,0.35
2026-03-02,VOLATILE,0.35
2026-03-03,VOLATILE,0.35
2026-03-04,VOLATILE,0.35
2026-03-05,VOLATILE,0.35
2026-03-06,VOLATILE,0.35
2026-03-09,VOLATILE,0.35
2026-03-10,VOLATILE,0.35
2026-03-11,VOLATILE,0.35
2026-03-12,VOLATILE,0.35
2026-03-13,VOLATILE,0.35
2026-03-16,VOLATILE,0.35
2026-03-17,VOLATILE,0.35
2026-03-18,VOLATILE,0.35
2026-03-19,VOLATILE,0.35
2026-03-20,VOLATILE,0.35
2026-03-23,VOLATILE,0.35
2026-03-24,VOLATILE,0.35
2026-03-25,VOLATILE,0.35
2026-03-26,VOLATILE,0.35
2026-03-27,VOLATILE,0.35
2026-03-30,VOLATILE,0.35
2026-03-31,VOLATILE,0.35
2026-04-01,VOLATILE,0.35
2026-04-02,VOLATILE,0.35
2026-04-03,VOLATILE,0.35
2026-04-06,VOLATILE,0.35
2026-04-07,VOLATILE,0.35
2026-04-08,VOLATILE,0.35
2026-04-09,VOLATILE,0.35
2026-04-10,VOLATILE,0.35
2026-04-13,VOLATILE,0.35
2026-04-14,VOLATILE,0.35
2026-04-15,VOLATILE,0.35
2026-04-16,VOLATILE,0.35
2026-04-17,VOLATILE,0.35
2026-04-20,BEAR,0.2
2026-04-21,BEAR,0.2
2026-04-22,BEAR,0.2
2026-04-23,VOLATILE,0.35
2026-04-24,VOLATILE,0.35
2026-04-27,VOLATILE,0.35
2026-04-28,BEAR,0.2
2026-04-29,BEAR,0.2
2026-04-30,BEAR,0.2
2026-05-01,BEAR,0.2
2026-05-04,BEAR,0.2
2026-05-05,BEAR,0.2
2026-05-06,BEAR,0.2
2026-05-07,BEAR,0.2
2026-05-08,BEAR,0.2
2026-05-11,BEAR,0.2
2026-05-12,BEAR,0.2
2026-05-13,BEAR,0.2
2026-05-14,BEAR,0.2
2026-05-15,BEAR,0.2
2026-05-18,BEAR,0.2
2026-05-19,BEAR,0.2
2026-05-20,BEAR,0.2
2026-05-21,BEAR,0.2
2026-05-22,BEAR,0.2
2026-05-25,BEAR,0.2
2026-05-26,BEAR,0.2
2026-05-27,BEAR,0.2
2026-05-28,BEAR,0.2
2026-05-29,BEAR,0.2
2026-06-01,BEAR,0.2
2026-06-02,BEAR,0.2
2026-06-03,BEAR,0.2
2026-06-04,BEAR,0.2
2026-06-05,BEAR,0.2
2026-06-08,VOLATILE,0.35
2026-06-09,VOLATILE,0.35
2026-06-10,VOLATILE,0.35
2026-06-11,VOLATILE,0.35
2026-06-12,VOLATILE,0.35
2026-06-15,VOLATILE,0.35
2026-06-16,VOLATILE,0.35
2026-06-17,VOLATILE,0.35
2026-06-18,BEAR,0.2
2026-06-19,BEAR,0.2
2026-06-22,BEAR,0.2
2026-06-23,BEAR,0.2
2026-06-24,BEAR,0.2
2026-06-25,BEAR,0.2
2026-06-26,VOLATILE,0.35
2026-06-29,VOLATILE,0.35
2026-06-30,VOLATILE,0.35
2026-07-01,VOLATILE,0.35
2026-07-02,VOLATILE,0.35
2026-07-03,VOLATILE,0.35
2026-07-06,BEAR,0.2
2026-07-07,BEAR,0.2
2026-07-08,BEAR,0.2
2026-07-09,BEAR,0.2
2026-07-10,BEAR,0.2
2026-07-13,BEAR,0.2
2026-07-14,BEAR,0.2
2026-07-15,BEAR,0.2
2026-07-16,BEAR,0.2
2026-07-17,VOLATILE,0.35
2026-07-20,VOLATILE,0.35
2026-07-21,VOLATILE,0.35
2026-07-22,VOLATILE,0.35
2026-07-23,VOLATILE,0.35
2026-07-24,VOLATILE,0.35
2026-07-27,VOLATILE,0.35
2026-07-28,VOLATILE,0.35
2026-07-29,VOLATILE,0.35
2026-07-30,VOLATILE,0.35
2026-07-31,VOLATILE,0.35
2026-08-03,VOLATILE,0.35
2026-08-04,VOLATILE,0.35
2026-08-05,VOLATILE,0.35
2026-08-06,VOLATILE,0.35
2026-08-07,VOLATILE,0.35
2026-08-10,VOLATILE,0.35
2026-08-11,VOLATILE,0.35
2026-08-12,VOLATILE,0.35
2026-08-13,VOLATILE,0.35
2026-08-14,VOLATILE,0.35
2026-08-17,VOLATILE,0.35
2026-08-18,VOLATILE,0.35
2026-08-19,VOLATILE,0.35
2026-08-20,VOLATILE,0.35
2026-08-21,VOLATILE,0.35
2026-08-24,VOLATILE,0.35
2026-08-25,BEAR,0.2
2026-08-26,BEAR,0.2
2026-08-27,NEUTRAL,0.65
2026-08-28,NEUTRAL,0.65
2026-08-31,NEUTRAL,0.65
2026-09-01,NEUTRAL,0.65
2026-09-02,NEUTRAL,0.65
2026-09-03,NEUTRAL,0.65
2026-09-04,BEAR,0.2
2026-09-07,BEAR,0.2
2026-09-08,BEAR,0.2
2026-09-09,BEAR,0.2
2026-09-10,BEAR,0.2
2026-09-11,BEAR,0.2
2026-09-14,BEAR,0.2
2026-09-15,BEAR,0.2
2026-09-16,BEAR,0.2
2026-09-17,BEAR,0.2
2026-09-18,BEAR,0.2
2026-09-21,BEAR,0.2
2026-09-22,BEAR,0.2
2026-09-23,BEAR,0.2
