horizon,test_year,threshold,trades,win_rate,win_rate_lcb,avg_return,median_return,profit_factor,max_drawdown,auc,brier
5,2024,0.55,5,0.6,0.272461989949914,0.0320587642490863,0.0229232814162969,6.910910606384277,-0.0269742608070373,0.5046096602082759,0.2389588354041807
5,2025,0.5800000000000001,28,0.6428571428571429,0.487468083709255,0.0221999753266572,0.0184394344687461,2.4559597969055176,-0.1716060042381286,0.5535022599452096,0.2365132594777921
5,2026,0.55,0,,,,,,,0.52530719217084,0.2439966280263165
10,2024,0.55,1,0.0,0.0,-0.0119228968396782,-0.0119228968396782,0.0,0.0,0.4992861285233761,0.2446302445614103
10,2025,0.56,98,0.5204081632653061,0.4379650742148828,0.0046954853460192,0.001814737683162,1.28534197807312,-0.5380970239639282,0.5535120825511264,0.2411116016684422
10,2026,0.55,0,,,,,,,0.4997242836036109,0.2480644414732805
20,2024,0.55,2,1.0,0.4249871175779984,0.2438499927520752,0.2438499927520752,inf,0.0,0.5060633588952776,0.2486303606928341
20,2025,0.54,41,0.5121951219512195,0.3870619359265594,-0.0012480068253353,0.0010008250828832,0.9650186896324158,-0.5654767155647278,0.5661628387773898,0.2499954300004743
20,2026,0.6500000000000001,0,,,,,,,0.5230545003355078,0.249047004839519
